Title,Author,Year
1Q84,Haruki Murakami,2009
The Picture of Dorian Gray,Oscar Wilde,1890
Test Book,Author Name,2022
Test Book,Author Name,2022
Test Book,Author Name,2022
Test Book,Author Name,2022
Test Book,Author Name,2022
Test Book,Author Name,2022
Test Book,Author Name,2022
Test Book,Author Name,2022
Test Book,Author Name,2022
Test Book,Author Name,2022
Test Book,Author Name,2022
Test Book,Author Name,2022
Test Book,Author Name,2022
Test Book 2,,
,Author Name 2,2023
,,
Test Book,Author Name,2022
12,12,12
Test Book,Author Name,2022
Test Book,Author Name,2022
Test Book,Author Name,2022
Test Book 2,,2031
Test Book,Author Name,2022
fed,fae,200BC
